domain,problem,number_of_expanded_policies_with_detector,number_of_expanded_policies_without_detector,time_with_detector,time_without_detector
acrobatics,p1,6.0,6.0,0.0596661,0.0639012
acrobatics,p2,21.0,21.0,0.061132,0.067762
acrobatics,p3,79.0,79.0,0.0749586,0.527947
acrobatics,p4,291.0,291.0,0.0900039,0.0888824
acrobatics,p5,1099.0,1099.0,0.125868,0.144325
acrobatics,p6,4251.0,4251.0,0.252762,0.276121
acrobatics,p7,16699.0,16699.0,0.855332,0.733927
acrobatics,p8,66171.0,66171.0,3.82852,3.70784
beam-walk,p1,8.0,8.0,0.0535599,0.0544763
beam-walk,p10,4096.0,4096.0,129.631,130.563
beam-walk,p11,8192.0,8192.0,1115.28,1023.52
beam-walk,p2,16.0,16.0,0.0575677,0.0570858
beam-walk,p3,32.0,32.0,0.061517,0.0605272
beam-walk,p4,64.0,64.0,0.06888,0.0752995
beam-walk,p5,128.0,128.0,0.0925987,0.095895
beam-walk,p6,256.0,256.0,0.167877,0.154475
beam-walk,p7,512.0,512.0,0.496831,0.467971
beam-walk,p8,1024.0,1024.0,2.3999,2.50095
beam-walk,p9,2048.0,2048.0,16.8623,16.9291
blocksworld-advanced,p1_1,13.0,13.0,0.0874536,0.0834018
blocksworld-advanced,p2_2,4.0,4.0,0.0651472,0.0713806
blocksworld-advanced,p3_3,13.0,13.0,0.0809345,0.0878515
blocksworld-advanced,p4_4,169.0,169.0,0.629344,0.245065
blocksworld-advanced,p5_14257,45.0,45.0,6.09179,5.52336
blocksworld-advanced,p5_20405,10979.0,10979.0,6.91408,5.58898
blocksworld-advanced,p5_28161,16453.0,16453.0,6.36399,5.82701
blocksworld-advanced,p5_30495,905.0,905.0,6.06788,5.36679
blocksworld-advanced,p5_30906,12376.0,12376.0,6.26642,5.73807
blocksworld-advanced,p5_5,86.0,86.0,5.99422,5.39338
blocksworld-advanced,p6_6,,16123.0,,210.422
blocksworld-original,p1,85.0,85.0,5.41116,4.54354
blocksworld-original,p10,309.0,309.0,5.26098,4.80986
blocksworld-original,p2,46.0,46.0,5.53186,4.61254
blocksworld-original,p3,383.0,383.0,5.48696,4.60789
blocksworld-original,p4,8301.0,8301.0,5.6215,4.82684
blocksworld-original,p5,200.0,200.0,5.33328,4.62575
blocksworld-original,p6,106.0,106.0,5.35595,4.61463
blocksworld-original,p7,1493.0,1493.0,5.63339,4.60789
blocksworld-original,p8,3299.0,3299.0,5.46592,4.59961
blocksworld-original,p9,320.0,320.0,5.5583,4.63688
chain-of-rooms,p1,112.0,112.0,0.0785768,0.0667426
chain-of-rooms,p10,14422.0,14422.0,100.733,101.234
chain-of-rooms,p2,502.0,502.0,0.176101,0.149999
chain-of-rooms,p3,1192.0,1192.0,0.508057,0.529384
chain-of-rooms,p4,2182.0,2182.0,1.64706,1.36851
chain-of-rooms,p5,3472.0,3472.0,3.92906,3.76112
chain-of-rooms,p6,5062.0,5062.0,9.35323,9.17582
chain-of-rooms,p7,6952.0,6952.0,19.5007,19.0687
chain-of-rooms,p8,9142.0,9142.0,36.8081,34.8812
chain-of-rooms,p9,11632.0,11632.0,61.2912,63.5112
doors,p1,9.0,9.0,0.0722422,0.0745335
doors,p10,4097.0,4106.0,3.60328,3.11223
doors,p11,8193.0,8203.0,12.7931,12.5497
doors,p12,16385.0,16396.0,52.5118,51.9524
doors,p13,32769.0,32781.0,218.147,217.185
doors,p14,65537.0,65550.0,916.601,919.513
doors,p2,17.0,18.0,0.0720964,0.0840937
doors,p3,33.0,35.0,0.0748814,0.0859587
doors,p4,65.0,68.0,0.0795413,0.0819664
doors,p5,129.0,133.0,0.0868273,0.0892249
doors,p6,257.0,262.0,0.12211,0.106549
doors,p7,513.0,519.0,0.1507,0.17375
doors,p8,1025.0,1032.0,0.307852,0.283518
doors,p9,2049.0,2057.0,0.895372,1.01334
earth-observation,p1,42541.0,42541.0,0.766316,0.777576
earth-observation,p11,103.0,103.0,0.0593781,0.0656796
earth-observation,p16,3905.0,3905.0,0.0936262,0.100012
earth-observation,p2,29.0,29.0,0.0622108,0.0673551
earth-observation,p3,195891.0,195891.0,3.94692,3.83208
earth-observation,p6,2400792.0,2400792.0,56.915,57.1644
earth-observation,p7,9505.0,9505.0,0.172475,0.173034
earth-observation,p8,14.0,14.0,0.065799,0.066661
elevators,p1,71.0,71.0,0.106577,0.0841317
elevators,p2,40.0,40.0,0.0920526,0.0923634
elevators,p3,67.0,67.0,0.0936707,0.107414
elevators,p4,56.0,56.0,0.0964103,0.0886921
elevators,p5,51.0,51.0,0.0947326,0.100469
elevators,p6,163278.0,163278.0,10.8422,10.5225
elevators,p7,116.0,116.0,0.684484,0.549837
faults,p1,6.0,6.0,0.0581996,0.0585132
faults,p10,3433.0,3433.0,0.341155,0.269437
faults,p11,11057.0,11057.0,0.318684,0.307325
faults,p12,19536.0,19536.0,0.725992,0.736435
faults,p13,42576.0,42576.0,1.90331,1.83286
faults,p14,44016.0,44016.0,2.49267,2.40239
faults,p15,44016.0,44016.0,3.76907,3.42613
faults,p16,206360.0,206360.0,6.26368,6.45101
faults,p17,271969.0,271969.0,12.5767,12.6567
faults,p18,608209.0,608209.0,34.4858,33.3991
faults,p19,649969.0,649969.0,42.2325,41.6127
faults,p2,22.0,22.0,0.0583974,0.0596857
faults,p20,649969.0,649969.0,51.6253,49.183
faults,p21,649969.0,649969.0,74.3256,70.0659
faults,p22,4062515.0,4062515.0,153.436,154.92
faults,p23,4045714.0,4045714.0,236.641,239.393
faults,p3,42.0,42.0,0.0630896,0.0645542
faults,p4,155.0,155.0,0.0606018,0.0623401
faults,p5,244.0,244.0,0.0674376,0.0654459
faults,p6,400.0,400.0,0.0847125,0.078982
faults,p7,1118.0,1118.0,0.0793416,0.0790065
faults,p8,2137.0,2137.0,0.142452,0.121491
faults,p9,3433.0,3433.0,0.228637,0.219664
first-responders,fr-p_1_1,29.0,29.0,0.0616098,0.0671261
first-responders,fr-p_1_2,46.0,46.0,0.0648453,0.0685005
first-responders,fr-p_1_3,819.0,819.0,0.0708971,0.0758991
first-responders,fr-p_1_4,4338.0,4338.0,0.122783,0.129882
first-responders,fr-p_1_5,27353.0,27353.0,0.538519,0.428996
first-responders,fr-p_1_6,1456342.0,1456342.0,17.9266,18.0463
first-responders,fr-p_1_7,4490929.0,4490929.0,67.9368,66.9536
first-responders,fr-p_2_2,120.0,120.0,0.0653963,0.0782659
first-responders,fr-p_2_3,100.0,100.0,0.109069,0.114433
first-responders,fr-p_2_4,84422.0,84422.0,16.3093,13.832
first-responders,fr-p_3_1,21.0,21.0,0.0826659,0.0745555
first-responders,fr-p_3_2,233.0,233.0,0.261367,0.254658
first-responders,fr-p_4_1,35.0,35.0,0.0782474,0.0767485
first-responders,fr-p_4_3,14083.0,14083.0,89.5661,70.4719
first-responders,fr-p_5_2,,214.0,,119.475
first-responders,fr-p_6_2,218.0,218.0,80.7233,63.1417
islands,p1,13.0,13.0,0.0566507,0.057995
islands,p13,56.0,56.0,0.0686128,0.0737768
islands,p14,4179.0,4179.0,0.114046,0.11478
islands,p15,32906.0,32906.0,0.689204,0.503654
islands,p16,188664.0,188664.0,8.15309,7.51959
islands,p17,,577020.0,,166.779
islands,p2,104.0,104.0,0.0680911,0.0664098
islands,p25,221.0,221.0,0.0773559,0.0818506
islands,p26,76078.0,76078.0,0.724181,0.727322
islands,p27,1737073.0,1737073.0,15.8918,15.7408
islands,p3,415.0,415.0,0.0815625,0.0941
islands,p37,1098.0,1098.0,0.112671,0.0996272
islands,p38,5774779.0,5774779.0,49.8762,48.8836
islands,p4,1036.0,1036.0,0.245797,0.256929
islands,p49,5394.0,5394.0,0.144979,0.151468
islands,p5,2099.0,2099.0,2.27309,1.90217
islands,p6,3742.0,3742.0,24.7678,22.4805
miner,p1,,340409.0,,220.88
sokoban,p1,,524.0,,0.0972228
tireworld-spiky,p1,86431.0,91966.0,16.4237,13.862
tireworld-spiky,p4,609.0,616.0,0.0881647,0.0977879
tireworld-spiky-2,p2,310.0,466.0,0.0654473,0.0830051
tireworld-spiky-2,p3,13.0,13.0,0.0559294,0.060984
tireworld-spiky-2,p4,27.0,27.0,0.0608648,0.069792
tireworld-spiky-2,p5,20697.0,30339.0,0.349428,0.442738
tireworld-triangle,p1,17.0,17.0,0.0582646,0.0571998
tireworld-triangle,p2,39.0,41.0,0.0846543,0.0817006
tireworld-triangle,p3,61.0,65.0,0.59281,0.320172
tireworld-triangle,p4,83.0,89.0,11.8989,8.33101
tireworld-truck,p1,86.0,86.0,0.0698127,0.0709768
tireworld-truck,p16,73.0,74.0,0.0694694,0.0811446
tireworld-truck,p17,161.0,161.0,0.0826409,0.0823001
tireworld-truck,p18,1087610.0,1087610.0,14.8577,14.3845
tireworld-truck,p2,48.0,48.0,0.0691807,0.0698878
tireworld-truck,p3,9099.0,9099.0,0.648181,0.579149
tireworld-truck,p34,249.0,249.0,0.0752688,0.476964
tireworld-truck,p35,695.0,695.0,0.0747324,0.0899051
tireworld-truck,p37,3759702.0,3759702.0,56.1872,56.3125
tireworld-truck,p4,684083.0,684083.0,7.73685,7.42612
tireworld-truck,p58,797.0,797.0,0.0913833,0.0847513
tireworld-truck,p59,943.0,943.0,0.0923723,0.0854316
zenotravel,p1,181.0,181.0,58.6047,49.7344
zenotravel,p2,71.0,71.0,120.387,100.026
zenotravel,p3,283.0,283.0,204.189,178.185
